iv_rank_bucket,trades,win_rate,avg_return,median_return,avg_net_pnl,total_net_pnl
0-20,784,0.25892857142857145,-0.05028230076158224,-0.0661656854240189,-1757.7267857142822,-1378057.7999999973
20-40,84,0.21428571428571427,-0.02458968065836508,-0.09469214600095821,-2254.095238095233,-189343.99999999956
40-60,8,0.0,-0.1788664027180848,-0.15573511397075962,-8808.549999999992,-70468.39999999994
60-80,0,,,,,0.0
80-100,0,,,,,0.0
